PageID,WidgetName,Name    ,WriteAddr,Length,ParameterAddr,Length
0,needle_0,needle_0,0x0011,2,0xFFFF,59,0xFFFF,2
1,needle_0,needle_0,0x0021,2,0xFFFF,59,0xFFFF,2
2,needle_0,needle_0,0x0031,2,0xFFFF,59,0xFFFF,2
3,needle_0,needle_0,0x0041,2,0xFFFF,59,0xFFFF,2
3,pngNumber_0,pngNumber_0,0x0042,2,0xFFFF,14,0x81
4,needle_0,needle_0,0x0051,2,0xFFFF,59,0xFFFF,2
4,needle_1,needle_1,0x0053,2,0xFFFF,59,0xFFFF,2
4,pngNumber_0,pngNumber_0,0x0052,2,0xFFFF,14,0x81
4,pngNumber_1,pngNumber_1,0x0054,2,0xFFFF,14,0x81
