PageID,WidgetName,Name    ,WriteAddr,Length,
0,encoder_0,encoder_0,0xFFFF,2,0xFFFF, , 
0,encoder_0,encoder_0,0xFFFF,2,0xFFFF, , 
0,encoder_0,encoder_0,0xFFFF,2,0xFFFF, , 
0,encoder_0,encoder_0,0xFFFF,2,0xFFFF, , 
0,encoder_0,encoder_0,0xFFFF,2,0xFFFF, , 
0,encoder_0,encoder_0,0xFFFF,2,0xFFFF, , 
0,encoder_0,encoder_0,0xFFFF,2,0xFFFF, , 
0,encoder_0,encoder_0,0xFFFF,2,0xFFFF, , 
0,encoder_0,encoder_0,0xFFFF,2,0xFFFF, , 
0,encoder_0,encoder_0,0xFFFF,2,0xFFFF, , 
0,encoder_0,encoder_0,0xFFFF,2,0xFFFF, , 
0,encoder_0,encoder_0,0xFFFF,2,0xFFFF, , 
0,encoder_0,encoder_0,0xFFFF,2,0xFFFF, , 
0,encoder_0,encoder_0,0xFFFF,2,0xFFFF, , 
0,encoder_0,encoder_0,0xFFFF,2,0xFFFF, , 
0,encoder_0,encoder_0,0xFFFF,2,0xFFFF, , 
0,encoder_0,encoder_0,0xFFFF,2,0xFFFF, , 
0,encoder_0,encoder_0,0xFFFF,2,0xFFFF, , 
0,encoder_0,encoder_0,0xFFFF,2,0xFFFF, , 
0,encoder_0,encoder_0,0xFFFF,2,0xFFFF, , 
0,encoder_0,encoder_0,0xFFFF,2,0xFFFF, , 
0,encoder_0,encoder_0,0xFFFF,2,0xFFFF, , 
0,encoder_0,encoder_0,0xFFFF,2,0xFFFF, , 
0,encoder_0,encoder_0,0xFFFF,2,0xFFFF, , 
1,encoder_0,encoder_0,0xFFFF,2,0xFFFF, , 
1,encoder_0,encoder_0,0xFFFF,2,0xFFFF, , 
1,encoder_0,encoder_0,0xFFFF,2,0xFFFF, , 
1,encoder_0,encoder_0,0xFFFF,2,0xFFFF, , 
1,encoder_0,encoder_0,0xFFFF,2,0xFFFF, , 
1,encoder_0,encoder_0,0xFFFF,2,0xFFFF, , 
1,encoder_0,encoder_0,0xFFFF,2,0xFFFF, , 
1,encoder_0,encoder_0,0xFFFF,2,0xFFFF, , 
1,encoder_0,encoder_0,0xFFFF,2,0xFFFF, , 
1,encoder_0,encoder_0,0xFFFF,2,0xFFFF, , 
1,encoder_0,encoder_0,0xFFFF,2,0xFFFF, , 
1,encoder_0,encoder_0,0xFFFF,2,0xFFFF, , 
1,encoder_0,encoder_0,0xFFFF,2,0xFFFF, , 
1,encoder_0,encoder_0,0xFFFF,2,0xFFFF, , 
1,encoder_0,encoder_0,0xFFFF,2,0xFFFF, , 
1,encoder_0,encoder_0,0xFFFF,2,0xFFFF, , 
1,encoder_0,encoder_0,0xFFFF,2,0xFFFF, , 
1,encoder_0,encoder_0,0xFFFF,2,0xFFFF, , 
1,encoder_0,encoder_0,0xFFFF,2,0xFFFF, , 
1,encoder_0,encoder_0,0xFFFF,2,0xFFFF, , 
1,encoder_0,encoder_0,0xFFFF,2,0xFFFF, , 
1,encoder_0,encoder_0,0xFFFF,2,0xFFFF, , 
1,encoder_0,encoder_0,0xFFFF,2,0xFFFF, , 
1,encoder_0,encoder_0,0xFFFF,2,0xFFFF, , 
2,encoder_0,encoder_0,0xFFFF,2,0xFFFF, , 
2,encoder_0,encoder_0,0xFFFF,2,0xFFFF, , 
2,encoder_0,encoder_0,0xFFFF,2,0xFFFF, , 
2,encoder_0,encoder_0,0xFFFF,2,0xFFFF, , 
2,encoder_0,encoder_0,0xFFFF,2,0xFFFF, , 
2,encoder_0,encoder_0,0xFFFF,2,0xFFFF, , 
2,encoder_0,encoder_0,0xFFFF,2,0xFFFF, , 
2,encoder_0,encoder_0,0xFFFF,2,0xFFFF, , 
2,encoder_0,encoder_0,0xFFFF,2,0xFFFF, , 
2,encoder_0,encoder_0,0xFFFF,2,0xFFFF, , 
2,encoder_0,encoder_0,0xFFFF,2,0xFFFF, , 
2,encoder_0,encoder_0,0xFFFF,2,0xFFFF, , 
2,encoder_0,encoder_0,0xFFFF,2,0xFFFF, , 
2,encoder_0,encoder_0,0xFFFF,2,0xFFFF, , 
2,encoder_0,encoder_0,0xFFFF,2,0xFFFF, , 
2,encoder_0,encoder_0,0xFFFF,2,0xFFFF, , 
2,encoder_0,encoder_0,0xFFFF,2,0xFFFF, , 
2,encoder_0,encoder_0,0xFFFF,2,0xFFFF, , 
2,encoder_0,encoder_0,0xFFFF,2,0xFFFF, , 
2,encoder_0,encoder_0,0xFFFF,2,0xFFFF, , 
2,encoder_0,encoder_0,0xFFFF,2,0xFFFF, , 
2,encoder_0,encoder_0,0xFFFF,2,0xFFFF, , 
2,encoder_0,encoder_0,0xFFFF,2,0xFFFF, , 
2,encoder_0,encoder_0,0xFFFF,2,0xFFFF, , 
3,encoder_0,encoder_0,0xFFFF,2,0xFFFF, , 
3,encoder_0,encoder_0,0xFFFF,2,0xFFFF, , 
3,encoder_0,encoder_0,0xFFFF,2,0xFFFF, , 
3,encoder_0,encoder_0,0xFFFF,2,0xFFFF, , 
3,encoder_0,encoder_0,0xFFFF,2,0xFFFF, , 
3,encoder_0,encoder_0,0xFFFF,2,0xFFFF, , 
3,encoder_0,encoder_0,0xFFFF,2,0xFFFF, , 
3,encoder_0,encoder_0,0xFFFF,2,0xFFFF, , 
3,encoder_0,encoder_0,0xFFFF,2,0xFFFF, , 
3,encoder_0,encoder_0,0xFFFF,2,0xFFFF, , 
3,encoder_0,encoder_0,0xFFFF,2,0xFFFF, , 
3,encoder_0,encoder_0,0xFFFF,2,0xFFFF, , 
3,encoder_0,encoder_0,0xFFFF,2,0xFFFF, , 
3,encoder_0,encoder_0,0xFFFF,2,0xFFFF, , 
3,encoder_0,encoder_0,0xFFFF,2,0xFFFF, , 
3,encoder_0,encoder_0,0xFFFF,2,0xFFFF, , 
3,encoder_0,encoder_0,0xFFFF,2,0xFFFF, , 
3,encoder_0,encoder_0,0xFFFF,2,0xFFFF, , 
3,encoder_0,encoder_0,0xFFFF,2,0xFFFF, , 
3,encoder_0,encoder_0,0xFFFF,2,0xFFFF, , 
3,encoder_0,encoder_0,0xFFFF,2,0xFFFF, , 
3,encoder_0,encoder_0,0xFFFF,2,0xFFFF, , 
3,encoder_0,encoder_0,0xFFFF,2,0xFFFF, , 
3,encoder_0,encoder_0,0xFFFF,2,0xFFFF, , 
4,encoder_0,encoder_0,0xFFFF,2,0xFFFF, , 
4,encoder_0,encoder_0,0xFFFF,2,0xFFFF, , 
4,encoder_0,encoder_0,0xFFFF,2,0xFFFF, , 
4,encoder_0,encoder_0,0xFFFF,2,0xFFFF, , 
4,encoder_0,encoder_0,0xFFFF,2,0xFFFF, , 
4,encoder_0,encoder_0,0xFFFF,2,0xFFFF, , 
4,encoder_0,encoder_0,0xFFFF,2,0xFFFF, , 
4,encoder_0,encoder_0,0xFFFF,2,0xFFFF, , 
4,encoder_0,encoder_0,0xFFFF,2,0xFFFF, , 
4,encoder_0,encoder_0,0xFFFF,2,0xFFFF, , 
4,encoder_0,encoder_0,0xFFFF,2,0xFFFF, , 
4,encoder_0,encoder_0,0xFFFF,2,0xFFFF, , 
4,encoder_0,encoder_0,0xFFFF,2,0xFFFF, , 
4,encoder_0,encoder_0,0xFFFF,2,0xFFFF, , 
4,encoder_0,encoder_0,0xFFFF,2,0xFFFF, , 
4,encoder_0,encoder_0,0xFFFF,2,0xFFFF, , 
4,encoder_0,encoder_0,0xFFFF,2,0xFFFF, , 
4,encoder_0,encoder_0,0xFFFF,2,0xFFFF, , 
4,encoder_0,encoder_0,0xFFFF,2,0xFFFF, , 
4,encoder_0,encoder_0,0xFFFF,2,0xFFFF, , 
4,encoder_0,encoder_0,0xFFFF,2,0xFFFF, , 
4,encoder_0,encoder_0,0xFFFF,2,0xFFFF, , 
4,encoder_0,encoder_0,0xFFFF,2,0xFFFF, , 
4,encoder_0,encoder_0,0xFFFF,2,0xFFFF, , 
